{"cameraMode":{"drawMode":0,"name":"Shaded","section":"Shading Mode"},"sceneLighting":false,"audioPlay":false,"sceneViewState":{"showFog":true,"showMaterialUpdate":false,"showSkybox":false,"showFlares":true,"showImageEffects":true,"showParticleSystems":true,"showVisualEffectGraphs":true,"m_FxEnabled":true},"in2DMode":false,"pivot":{"x":1.9229167699813843,"y":0.1912761777639389,"z":0.17012852430343629},"rotation":{"x":0.17871138453483582,"y":-0.060472454875707629,"z":0.010963188484311104,"w":0.982022762298584},"size":4.0835041999816898,"orthographic":false}