{"cameraMode":{"drawMode":0,"name":"Shaded","section":"Shading Mode"},"sceneLighting":false,"audioPlay":false,"sceneViewState":{"showFog":true,"showMaterialUpdate":false,"showSkybox":false,"showFlares":true,"showImageEffects":true,"showParticleSystems":true,"showVisualEffectGraphs":true,"m_FxEnabled":true},"in2DMode":false,"pivot":{"x":0.927061140537262,"y":3.8830409049987795,"z":-1.5943470001220704},"rotation":{"x":-0.07789210975170136,"y":-0.03200018033385277,"z":0.0024912082590162756,"w":-0.9964613914489746},"size":0.30822089314460757,"orthographic":false}