{"cameraMode":{"drawMode":0,"name":"Shaded","section":"Shading Mode"},"sceneLighting":true,"audioPlay":false,"sceneViewState":{"showFog":true,"showMaterialUpdate":false,"showSkybox":true,"showFlares":true,"showImageEffects":true,"showParticleSystems":true,"showVisualEffectGraphs":true,"m_FxEnabled":true},"in2DMode":false,"pivot":{"x":0.40059295296669009,"y":0.41188907623291018,"z":10.799206733703614},"rotation":{"x":0.15598803758621217,"y":-0.005116219632327557,"z":0.0003983752685599029,"w":0.9878581762313843},"size":13.233317375183106,"orthographic":false}