{"cameraMode":{"drawMode":0,"name":"Shaded","section":"Shading Mode"},"sceneLighting":false,"audioPlay":false,"sceneViewState":{"showFog":true,"showMaterialUpdate":false,"showSkybox":false,"showFlares":true,"showImageEffects":true,"showParticleSystems":true,"showVisualEffectGraphs":true,"m_FxEnabled":true},"in2DMode":false,"pivot":{"x":-0.28081199526786806,"y":0.25885123014450076,"z":-4.649688243865967},"rotation":{"x":-0.19378253817558289,"y":0.34410688281059267,"z":-0.07280974835157395,"w":-0.9158651232719421},"size":2.285750389099121,"orthographic":false}