{"cameraMode":{"drawMode":0,"name":"Shaded","section":"Shading Mode"},"sceneLighting":false,"audioPlay":false,"sceneViewState":{"showFog":true,"showMaterialUpdate":false,"showSkybox":false,"showFlares":true,"showImageEffects":true,"showParticleSystems":true,"showVisualEffectGraphs":true,"m_FxEnabled":true},"in2DMode":false,"pivot":{"x":1.5195729732513428,"y":0.35000014305114748,"z":-5.1753950119018559},"rotation":{"x":-0.20839354395866395,"y":0.027279021218419076,"z":-0.0058365450240671639,"w":-0.9776718020439148},"size":0.8637186288833618,"orthographic":false}